,Nome,Algoritmo,ROC_AUC Score,AUC Score,Acurácia
0,modelo_v2,Random Forest,0.7177275146025146,0.794580982080982,0.8410317936412718
